<?xml version="1.0" encoding="UTF-8" ?>
<!DOCTYPE mapper PUBLIC "-//mybatis.org//DTD Mapper 3.0//EN" "http://mybatis.org/dtd/mybatis-3-mapper.dtd">

<mapper namespace="freens">
	<insert id="freeInsert" parameterType="free">
		insert into free
		(free_no,free_nick,free_title,free_content,free_tag,free_hit,free_category,free_date,free_filename)
		values
		(free_seq.nextval,#{free_nick},#{free_title},#{free_content},#{free_tag},0,#{free_category},sysdate,#{free_filename, jdbcType=VARCHAR})
	</insert>
	
	<update id="freeHit" parameterType="int">
		update free set
		free_hit = free_hit+1 where free_no=#{free_no}
	</update>
	<select id="numSelect" parameterType="int" resultType="free">
		select * from free where free_no=#{free_no}
	</select>
	
	<update id="freeUpdate" parameterType="free">
		update free set
		free_nick=#{free_nick},free_title=#{free_title},free_content=#{free_content},
		free_tag=#{free_tag},free_category=#{free_category},free_filename=#{free_filename}
		where free_no=#{free_no}
	</update>

	<delete id="freeDelete" parameterType="free">
		delete free
		where free_no=#{free_no}
	</delete>

	<select id="getTotal"
		parameterType="org.example.goSeoul.model.FreeBean" resultType="int">
		select count(*) from free
		<where>
			<if test="keyword != null and search !='subcon'">
				${search} like '%'||#{keyword}||'%'
			</if>
			<if test="keyword != null and search=='subcon'">
				free_title like '%'||#{keyword}||'%' or
				free_content like
				'%'||#{keyword}||'%'
			</if>
		</where>
	</select>

	<select id="list"
		parameterType="org.example.goSeoul.model.FreeBean"
		resultType="org.example.goSeoul.model.FreeBean">
		select * from (select a.*,rowNum rn from (
		select * from free
		<where>
			<if test="keyword != null and search!='subcon'">
				${search} like '%'||#{keyword}||'%'
			</if>
			<if test="keyword != null and search=='subcon'">
				free_title like '%'||#{keyword}||'%' or
				free_content like
				'%'||#{keyword}||'%'
			</if>
		</where>
		order by free_no desc) a )
		where rn between #{startRow} and #{endRow}
	</select>
	
</mapper>